<?xml version="1.0" encoding="UTF-8"?>
<project-private xmlns="http://www.netbeans.org/ns/project-private/1">
    <editor-bookmarks xmlns="http://www.netbeans.org/ns/editor-bookmarks/2" lastBookmarkId="0"/>
    <open-files xmlns="http://www.netbeans.org/ns/projectui-open-files/2">
        <group>
            <file>file:/C:/Users/HIEPATK/Documents/NetBeansProjects/Dictionary/src/dictionary/Dictionary.java</file>
            <file>file:/C:/Users/HIEPATK/Documents/NetBeansProjects/Dictionary/src/dictionary/DictionaryCommandline.java</file>
            <file>file:/C:/Users/HIEPATK/Documents/NetBeansProjects/Dictionary/src/dictionary/Main.java</file>
            <file>file:/C:/Users/HIEPATK/Documents/NetBeansProjects/Dictionary/src/dictionary/DictionaryManagement.java</file>
            <file>file:/C:/Users/HIEPATK/Documents/NetBeansProjects/Dictionary/src/dictionary/Word.java</file>
        </group>
    </open-files>
</project-private>
